﻿<metadata><idinfo><citation><citeinfo><origin>Metropolitan Council and NCompass Technologies</origin><pubdate>periodically revised</pubdate><title>Transit Routes</title><mgmg1cid>N/A</mgmg1cid><pubinfo><publish>Metropolitan Council</publish></pubinfo><onlink>https://gisdata.mn.gov/dataset/us-mn-state-metc-trans-transit-routes</onlink></citeinfo></citation><descript><abstract>The Transit Routes layer contains all fixed routes serving the Twin Cities regional metropolitan area.  One shape and one corresponding record exists for each individual transit route.

The line work for the dataset was derived from MRCC Street Centerlines and NCompass Centerlines for Sherburne and Wright County areas. A small number of line segments have been added to completely depict the network traveled by fixed-route transit vehicles. </abstract><purpose>To identify all locations in the Twin Cities metropolitan area where fixed-route transit routes exist.</purpose><supplinf>Twin Cities metropolitan area</supplinf></descript><timeperd><current>Transit Routes geography is updated weekly and includes linework from the MRCC and NCompass Street Centerline dataset.</current><timeinfo><sngdate><caldate>Updated Weekly</caldate></sngdate></timeinfo></timeperd><status><progress>Complete</progress><update>Weekly</update></status><spdom><bounding><westbc>-94.012</westbc><eastbc>-92.732</eastbc><northbc>45.415</northbc><southbc>44.471</southbc></bounding></spdom><keywords><theme><themekt>None</themekt><themekey>transit, buses, routes, streets, roads, transportation, Transit Routes, Bus Routes</themekey></theme><place><placekey>Twin Cities, Anoka County, Carver County, Dakota County, Hennepin County, Ramsey County, Scott County, Washington County, Sherburn County</placekey></place></keywords><accconst>None. This dataset is public domain under the Minnesota Government Data Practices Act (Minnesota Statutes Chapter 13). If the dataset is not available from the Online Linkage in Section 6, please contact the Distribution Contact Person.</accconst><useconst>None. This dataset is public domain under the Minnesota Government Data Practices Act (Minnesota Statutes Chapter 13).</useconst><browse><browsen>https://resources.gisdata.mn.gov/pub/gdrs/data/pub/us_mn_state_metc/trans_transit_routes/metadata/preview.jpg</browsen><browsed>Example of Transit Routes layer.</browsed></browse><native>ArcView Version 10.x</native><crossref><citeinfo><title>1) MRCC Street Centerline 
2) NCompass Street Centerline 
3) Metro Transit - TransitPatterns, TransitRoutes, TransitStops </title></citeinfo></crossref><ptcontac><cntinfo><cntperp><cntorg>Metropolitan Council - Metro Transit</cntorg><cntper>Steve Baisden</cntper></cntperp><cntpos>Associate Planner</cntpos><cntaddr><addrtype>mailing and physical</addrtype><address>560 6th Ave N</address><city>Minneapolis</city><state>MN</state><postal>55411</postal></cntaddr><cntvoice>612.349.7361</cntvoice><cntemail>stephen.baisden@metrotransit.org</cntemail></cntinfo></ptcontac></idinfo><dataqual><logic>This dataset contains one record and one PolyLine Shape for each route in the Metro area transit system.</logic><complete>The routes include routes which have service information provided on Metro Transit's website.</complete><posacc><horizpa><horizpar>This varies between counties.</horizpar></horizpa></posacc><lineage><srcinfo><srcscale /></srcinfo><procstep><procdesc>This dataset was created in Giro's Hastus scheduling software and referenced the MRCC and NCompass street centerline datasets. See the metadata for the MRCC and NCompass Street Centerline layer for source information.</procdesc></procstep></lineage><procstep><procdesc Sync="TRUE">Dataset moved.</procdesc><srcused Sync="TRUE">G:\Docs\Interfaces\VAR_Shape\Metadata\bus_routes_l</srcused><procdate Sync="TRUE">20111209</procdate><proctime Sync="TRUE">10451400</proctime></procstep></dataqual><spdoinfo><indspref>None</indspref><direct>Vector</direct><mgmg3obj>arcs, nodes</mgmg3obj><mgmg3til>One layer for entire seven county region.</mgmg3til></spdoinfo><eainfo><overview><eaover>LINE ATTRIBUTES:
 
route:       A number identifying the route number associated with the route and 
             its schedules.

routesort:   A numeric field identifying the route number associated with the
             route and its schedules

Routedescription (routedscrp): A brief description of the route.

routetype:     A description of the type of route.  
     
             1 - Routes that provide a connecting link between urban
               local routes, and many times serve as suburban circulators.
             2 - Routes that are radial, crosstown and limited stop 
               services which primarily operate in the center cities.
             3 - Routes that provide peak and all-day service traveling 
               non-stop on highways for four or more miles.
RouteOperator (route_oper): A description of the operator of the route.  'M' values represent
               routes are operated by Metro Transit. 'P' values represent routes not
               operated by Metro Transit.  'MP' values represent routes operated by
               Metro Transit and another transit provider.

EffectiveDate (effectived): The pick date

payleavedirectionid (payleavedi):  The direction of a route where customers are required to pay when exiting the bus rather than boarding.

routepayleave (routepayle): Routes where customers pay fare when exiting the bus rather than boarding

twelvecolor (twelvecolo): An internal code used for cartographic dispalay

*_ftrip: The first trip time served by route at the the routes first stop per service period (Weekday, Saturday, Sunday)

*_ltrip: The last trip time served by route at the routes last stop per service period (Weekday, Saturday, Sunday)

*_span: The span of service by route in hours and mintues</eaover></overview></eainfo><distinfo><resdesc>TransitRoutes</resdesc><distliab>NOTICE:  The Geographic Information System (GIS) Data to which this notice is attached are made available pursuant to the Minnesota Government Data Practices Act (Minnesota Statutes Chapter 13).  THE GIS DATA ARE PROVIDED TO YOU AS IS AND WITHOUT ANY WARRANTY AS TO THEIR PERFORMANCE, MERCHANTABILITY, OR FITNESS FOR ANY PARTICULAR PURPOSE.  The GIS Data were developed by the Metropolitan Council for its own internal business purposes.  The Metropolitan Council does not represent or warrant that the GIS Data or the data documentation are error-free, complete, current, or accurate.  You are responsible for any consequences resulting from your use of the GIS Data or your reliance on the GIS Data.  You should consult the data documentation for this particular GIS Data to determine the limitations of the GIS Data and the precision with which the GIS Data may depict distance, direction, location, or other geographic features.  If you transmit or provide the GIS Data (or any portion of it) to another user, it is recommended that the GIS Data include a copy of this disclaimer and this metadata.</distliab><stdorder><digform><digtinfo><formname>ArcView Shape File</formname><formvern>ArcView: 10x</formvern><transize>1.2 Meg. for self extracting ZIP file.</transize></digtinfo></digform><ordering>See Online Linkage Below</ordering></stdorder><distrib><cntinfo><cntperp><cntorg>Metropolitan Council</cntorg><cntper>Jon Hoekenga</cntper></cntperp><cntpos>GIS System Administrator</cntpos><cntaddr><addrtype>mailing and physical</addrtype><address>390 Robert Street North</address><city>St. Paul</city><state>MN</state><postal>55101-1805</postal></cntaddr><cntvoice>651.602.1561</cntvoice><cntemail>jonathan.hoekenga@metc.state.mn.us</cntemail></cntinfo></distrib></distinfo><metainfo><metd>20200114</metd><metstdn>Minnesota Geographic Metadata Guidelines</metstdn><metstdv>1.2</metstdv><metextns><onlink>http://www.mngeo.state.mn.us/committee/standards/mgmg/metadata.htm</onlink></metextns><metc><cntinfo><cntperp><cntorg>Metropolitan Council - Metro Transit</cntorg><cntper>Steve Baisden</cntper></cntperp><cntpos>Associate Planner</cntpos><cntaddr><addrtype>mailing and physical</addrtype><address>560 6th Ave N</address><city>Minneapolis</city><state>MN</state><postal>55411</postal></cntaddr><cntvoice>612.349.7361</cntvoice><cntemail>stephen.baisden@metrotransit.org</cntemail></cntinfo></metc></metainfo><Esri><ModDate>20111209</ModDate><ModTime>08474900</ModTime></Esri><mdDateSt Sync="TRUE">20111209</mdDateSt><distInfo><distributor><distorTran><onLineSrc><linkage Sync="TRUE">file://\\hasp\v2007\Docs\Interfaces\VAR_Shape\bus_routes_l</linkage><protocol Sync="TRUE">Local Area Network</protocol></onLineSrc></distorTran></distributor></distInfo><spref><horizsys><planar><gridsys><gridsysn>Universal Transverse Mercator</gridsysn><utm><utmzone>15</utmzone></utm></gridsys><planci><plandu>meters</plandu></planci></planar><geodetic><horizdn>NAD83</horizdn><ellips>GRS80</ellips></geodetic></horizsys></spref></metadata>